32261697,https://images.pexels.com/photos/32261697/pexels-photo-32261697.jpeg
32263841,https://images.pexels.com/photos/32263841/pexels-photo-32263841.jpeg
32261260,https://images.pexels.com/photos/32261260/pexels-photo-32261260.jpeg
32203771,https://images.pexels.com/photos/32203771/pexels-photo-32203771.jpeg
32249757,https://images.pexels.com/photos/32249757/pexels-photo-32249757.jpeg
32249772,https://images.pexels.com/photos/32249772/pexels-photo-32249772.jpeg
32243283,https://images.pexels.com/photos/32243283/pexels-photo-32243283.jpeg
32238593,https://images.pexels.com/photos/32238593/pexels-photo-32238593.jpeg
32236895,https://images.pexels.com/photos/32236895/pexels-photo-32236895.jpeg
32235261,https://images.pexels.com/photos/32235261/pexels-photo-32235261.jpeg
32227592,https://images.pexels.com/photos/32227592/pexels-photo-32227592.jpeg
32224874,https://images.pexels.com/photos/32224874/pexels-photo-32224874.jpeg
32204740,https://images.pexels.com/photos/32204740/pexels-photo-32204740.jpeg
32204933,https://images.pexels.com/photos/32204933/pexels-photo-32204933.jpeg
32204469,https://images.pexels.com/photos/32204469/pexels-photo-32204469.jpeg
32200391,https://images.pexels.com/photos/32200391/pexels-photo-32200391.jpeg
32188045,https://images.pexels.com/photos/32188045/pexels-photo-32188045.jpeg
32188885,https://images.pexels.com/photos/32188885/pexels-photo-32188885.jpeg
32195239,https://images.pexels.com/photos/32195239/pexels-photo-32195239.jpeg
32192163,https://images.pexels.com/photos/32192163/pexels-photo-32192163.jpeg
32179376,https://images.pexels.com/photos/32179376/pexels-photo-32179376.jpeg
32178264,https://images.pexels.com/photos/32178264/pexels-photo-32178264.jpeg
32172874,https://images.pexels.com/photos/32172874/pexels-photo-32172874.jpeg
32170462,https://images.pexels.com/photos/32170462/pexels-photo-32170462.jpeg
32166427,https://images.pexels.com/photos/32166427/pexels-photo-32166427.jpeg
28960205,https://images.pexels.com/photos/28960205/pexels-photo-28960205.jpeg
32153558,https://images.pexels.com/photos/32153558/pexels-photo-32153558.jpeg
32144085,https://images.pexels.com/photos/32144085/pexels-photo-32144085.jpeg
32161451,https://images.pexels.com/photos/32161451/pexels-photo-32161451.jpeg
32161577,https://images.pexels.com/photos/32161577/pexels-photo-32161577.jpeg
32156807,https://images.pexels.com/photos/32156807/pexels-photo-32156807.jpeg
32162446,https://images.pexels.com/photos/32162446/pexels-photo-32162446.jpeg
32153042,https://images.pexels.com/photos/32153042/pexels-photo-32153042.png
32151860,https://images.pexels.com/photos/32151860/pexels-photo-32151860.jpeg
32151470,https://images.pexels.com/photos/32151470/pexels-photo-32151470.png
32150499,https://images.pexels.com/photos/32150499/pexels-photo-32150499.jpeg
32150495,https://images.pexels.com/photos/32150495/pexels-photo-32150495.jpeg
32143009,https://images.pexels.com/photos/32143009/pexels-photo-32143009.jpeg
32141424,https://images.pexels.com/photos/32141424/pexels-photo-32141424.jpeg
32134450,https://images.pexels.com/photos/32134450/pexels-photo-32134450.jpeg
32145339,https://images.pexels.com/photos/32145339/pexels-photo-32145339.jpeg
32147608,https://images.pexels.com/photos/32147608/pexels-photo-32147608.jpeg
32146814,https://images.pexels.com/photos/32146814/pexels-photo-32146814.jpeg
32144341,https://images.pexels.com/photos/32144341/pexels-photo-32144341.jpeg
32138216,https://images.pexels.com/photos/32138216/pexels-photo-32138216.jpeg
32138731,https://images.pexels.com/photos/32138731/pexels-photo-32138731.jpeg
32132399,https://images.pexels.com/photos/32132399/pexels-photo-32132399.jpeg
32132397,https://images.pexels.com/photos/32132397/pexels-photo-32132397.jpeg
32132398,https://images.pexels.com/photos/32132398/pexels-photo-32132398.jpeg
32118946,https://images.pexels.com/photos/32118946/pexels-photo-32118946.jpeg
32127483,https://images.pexels.com/photos/32127483/pexels-photo-32127483.jpeg
32117284,https://images.pexels.com/photos/32117284/pexels-photo-32117284.jpeg
32117654,https://images.pexels.com/photos/32117654/pexels-photo-32117654.jpeg
32117283,https://images.pexels.com/photos/32117283/pexels-photo-32117283.jpeg
32128733,https://images.pexels.com/photos/32128733/pexels-photo-32128733.jpeg
32114890,https://images.pexels.com/photos/32114890/pexels-photo-32114890.jpeg
32116507,https://images.pexels.com/photos/32116507/pexels-photo-32116507.jpeg
32118004,https://images.pexels.com/photos/32118004/pexels-photo-32118004.jpeg
32114122,https://images.pexels.com/photos/32114122/pexels-photo-32114122.jpeg
32111228,https://images.pexels.com/photos/32111228/pexels-photo-32111228.jpeg
32109973,https://images.pexels.com/photos/32109973/pexels-photo-32109973.jpeg
32085609,https://images.pexels.com/photos/32085609/pexels-photo-32085609.jpeg
32105234,https://images.pexels.com/photos/32105234/pexels-photo-32105234.jpeg
32098450,https://images.pexels.com/photos/32098450/pexels-photo-32098450.jpeg
32099153,https://images.pexels.com/photos/32099153/pexels-photo-32099153.jpeg
32080139,https://images.pexels.com/photos/32080139/pexels-photo-32080139.jpeg
32080775,https://images.pexels.com/photos/32080775/pexels-photo-32080775.jpeg
32058694,https://images.pexels.com/photos/32058694/pexels-photo-32058694.jpeg
32058695,https://images.pexels.com/photos/32058695/pexels-photo-32058695.jpeg
32087013,https://images.pexels.com/photos/32087013/pexels-photo-32087013.jpeg
32079281,https://images.pexels.com/photos/32079281/pexels-photo-32079281.jpeg
32079283,https://images.pexels.com/photos/32079283/pexels-photo-32079283.jpeg
32072723,https://images.pexels.com/photos/32072723/pexels-photo-32072723.jpeg
32069024,https://images.pexels.com/photos/32069024/pexels-photo-32069024.jpeg
32063710,https://images.pexels.com/photos/32063710/pexels-photo-32063710.jpeg
32063253,https://images.pexels.com/photos/32063253/pexels-photo-32063253.jpeg
32063385,https://images.pexels.com/photos/32063385/pexels-photo-32063385.jpeg
32062640,https://images.pexels.com/photos/32062640/pexels-photo-32062640.jpeg
32061510,https://images.pexels.com/photos/32061510/pexels-photo-32061510.jpeg
32058301,https://images.pexels.com/photos/32058301/pexels-photo-32058301.jpeg
